uid,Insulin,BMI,DiabetesPedigreeFunction,Age
591B,0,46.8,0.925,45
592B,140,39.4,0.175,24
593A,0,34.4,0.402,44
594B,115,28.5,1.699,25
595C,230,33.6,0.733,34
596B,185,32.0,0.682,22
597C,0,45.3,0.19399999999999998,46
598A,25,27.8,0.5589999999999999,21
599B,0,36.8,0.08800000000000001,38
